<toolSet name="External Tools">
  <tool name="kubectx" showInMainMenu="false" showInEditor="false" showInProject="false" showInSearchPopup="false" disabled="false" useConsole="true" showConsoleOnStdOut="false" showConsoleOnStdErr="false" synchronizeAfterRun="true">
    <exec>
      <option name="COMMAND" value="/opt/homebrew/bin/kubectx" />
      <option name="PARAMETERS" value="dev" />
      <option name="WORKING_DIRECTORY" value="$ProjectFileDir$" />
    </exec>
  </tool>
  <tool name="port forward" showInMainMenu="false" showInEditor="false" showInProject="false" showInSearchPopup="false" disabled="false" useConsole="true" showConsoleOnStdOut="false" showConsoleOnStdErr="false" synchronizeAfterRun="true">
    <exec>
      <option name="COMMAND" value="/bin/sh" />
      <option name="PARAMETERS" value="portforward.sh integration-service 9000 mgmt 9001 api 9002" />
      <option name="WORKING_DIRECTORY" value="$USER_HOME$/dev" />
    </exec>
  </tool>
</toolSet>