<application>
  <component name="com.intellij.ide.ui.customization.CustomActionsSchema">
    <group value="Blaze.IncrementalSyncProject" is_action="true" action_type="-1" position="0">
      <path value="root" />
      <path value="Navigation Bar Toolbar" />
      <path value="NavBarToolBarOthers" />
      <path value="Blaze.MainToolBarActionGroup" />
      <option name="myInitialPosition" value="-1" />
    </group>
    <group value="Blaze.PartialSync" is_action="true" action_type="1" position="0">
      <path value="root" />
      <path value="Navigation Bar Toolbar" />
      <path value="NavBarToolBarOthers" />
      <path value="Blaze.MainToolBarActionGroup" />
      <option name="myInitialPosition" value="-1" />
    </group>
  </component>
</application>