<application>
  <component name="FindSettings">
    <option name="customScope" value="All Places" />
    <option name="defaultScopeName" value="All Places" />
    <option name="showResultsInSeparateView" value="true" />
    <option name="SHOW_RESULTS_IN_SEPARATE_VIEW" value="true" />
    <option name="SEARCH_SCOPE" value="All Places" />
    <mask>*.css</mask>
    <mask>*.html</mask>
    <mask>*.xml</mask>
    <mask>*.jsp</mask>
    <mask>*.properties</mask>
    <mask>*.java</mask>
    <mask>*.exs</mask>
    <mask>*.jsonnet</mask>
    <mask>dev.jsonnet</mask>
    <mask>*.ex</mask>
    <mask>*.ts</mask>
    <mask>*.tsx</mask>
    <mask>*.graphqls</mask>
    <mask>*.xsd</mask>
    <mask>*.kt</mask>
    <mask>*.bazel</mask>
    <mask>*.proto</mask>
    <mask>*.mod</mask>
    <mask>*.sql</mask>
    <mask>*.yaml</mask>
    <mask>*.go</mask>
    <mask>*.yml</mask>
    <mask>manifest.yaml</mask>
    <mask>Dockerfile</mask>
    <mask>*.py</mask>
  </component>
</application>