<application>
  <component name="ProjectManager">
    <defaultProject>
      <component name="PropertiesComponent"><![CDATA[{
  "keyToString": {
    "go.import.settings.migrated": "true",
    "settings.editor.selected.configurable": "preferences.lookFeel"
  }
}]]></component>
      <component name="WindowStateProjectService">
        <state x="781" y="286" key="SettingsEditor" timestamp="1671434727655">
          <screen x="0" y="25" width="2560" height="1415" />
        </state>
        <state x="781" y="286" key="SettingsEditor/0.25.2560.1415/2560.25.2560.1415" timestamp="1671434727655" />
      </component>
    </defaultProject>
  </component>
</application>